Protein id	Contig id	Start	Stop	Strand	Element symbol	Element name	Scope	Type	Subtype	Class	Subclass	Method	Target length	Reference sequence length	% Coverage of reference	% Identity to reference	Alignment length	Closest reference accession	Closest reference name	HMM accession	HMM description
NA	NODE_10_length_146073_cov_141.361133	135067	135705	-	nalC_G71E	Pseudomonas aeruginosa carbapenem resistant NalC	core	AMR	POINT	BETA-LACTAM	CARBAPENEM	POINTX	213	213	100.00	98.59	213	WP_003113837.1	efflux system transcriptional repressor NalC	NA	NA
NA	NODE_19_length_99473_cov_147.935048	30383	32644	-	parC_S87L	Pseudomonas aeruginosa quinolone resistant ParC	core	AMR	POINT	QUINOLONE	QUINOLONE	POINTX	754	754	100.00	99.87	754	WP_003095687.1	DNA topoisomerase IV subunit A ParC	NA	NA
NA	NODE_1_length_274840_cov_139.499470	164185	164970	-	blaOXA-486	OXA-50 family oxacillin-hydrolyzing class D beta-lactamase OXA-486	core	AMR	AMR	BETA-LACTAM	BETA-LACTAM	ALLELEX	262	262	100.00	100.00	262	WP_003161965.1	OXA-50 family oxacillin-hydrolyzing class D beta-lactamase OXA-486	NA	NA
NA	NODE_31_length_78807_cov_140.087959	52223	52858	-	catB7	type B-4 chloramphenicol O-acetyltransferase CatB7	core	AMR	AMR	PHENICOL	CHLORAMPHENICOL	BLASTX	212	212	100.00	98.58	212	WP_003112709.1	type B-4 chloramphenicol O-acetyltransferase CatB7	NA	NA
NA	NODE_32_length_77015_cov_128.888794	18581	18985	-	fosA	FosA family fosfomycin resistance glutathione transferase	core	AMR	AMR	FOSFOMYCIN	FOSFOMYCIN	BLASTX	135	135	100.00	99.26	135	WP_003082280.1	FosA family fosfomycin resistance glutathione transferase	NA	NA
NA	NODE_45_length_55437_cov_144.148465	35650	36453	+	aph(3')-IIb	aminoglycoside O-phosphotransferase APH(3')-IIb	core	AMR	AMR	AMINOGLYCOSIDE	KANAMYCIN	BLASTX	268	268	100.00	99.63	268	WP_003113011.1	aminoglycoside O-phosphotransferase APH(3')-IIb	NA	NA
NA	NODE_45_length_55437_cov_144.148465	48802	49992	-	blaPDC-3	extended-spectrum class C beta-lactamase PDC-3	core	AMR	AMR	BETA-LACTAM	CEPHALOSPORIN	ALLELEX	397	397	100.00	100.00	397	WP_003121934.1	extended-spectrum class C beta-lactamase PDC-3	NA	NA
NA	NODE_47_length_53399_cov_132.915963	16862	19630	+	gyrA_T83I	Pseudomonas aeruginosa quinolone resistant GyrA	core	AMR	POINT	QUINOLONE	QUINOLONE	POINTX	923	923	100.00	99.78	923	WP_003091448.1	DNA gyrase subunit A GyrA	NA	NA
NA	NODE_4_length_223864_cov_118.580020	28808	29644	-	sul1	sulfonamide-resistant dihydropteroate synthase Sul1	core	AMR	AMR	SULFONAMIDE	SULFONAMIDE	EXACTX	279	279	100.00	100.00	279	WP_000259031.1	sulfonamide-resistant dihydropteroate synthase Sul1	NA	NA
NA	NODE_80_length_24540_cov_158.868659	17141	17596	+	aac(6')-Il	aminoglycoside N-acetyltransferase AAC(6')-Il	core	AMR	AMR	AMINOGLYCOSIDE	AMIKACIN/KANAMYCIN/TOBRAMYCIN	EXACTX	152	152	100.00	100.00	152	WP_013263788.1	aminoglycoside N-acetyltransferase AAC(6')-Il	NA	NA
NA	NODE_80_length_24540_cov_158.868659	17752	18549	+	blaVIM-2	subclass B1 metallo-beta-lactamase VIM-2	core	AMR	AMR	BETA-LACTAM	CARBAPENEM	ALLELEX	266	266	100.00	100.00	266	WP_003108247.1	subclass B1 metallo-beta-lactamase VIM-2	NA	NA
NA	NODE_80_length_24540_cov_158.868659	18701	18934	+	dfrB5	trimethoprim-resistant dihydrofolate reductase DfrB5	core	AMR	AMR	TRIMETHOPRIM	TRIMETHOPRIM	EXACTX	78	78	100.00	100.00	78	WP_063844482.1	trimethoprim-resistant dihydrofolate reductase DfrB5	NA	NA
NA	NODE_80_length_24540_cov_158.868659	19063	19536	+	aac(3)-Id	aminoglycoside N-acetyltransferase AAC(3)-Id	core	AMR	AMR	AMINOGLYCOSIDE	GENTAMICIN	EXACTX	158	158	100.00	100.00	158	WP_003155734.1	aminoglycoside N-acetyltransferase AAC(3)-Id	NA	NA
NA	NODE_8_length_165166_cov_134.077383	113102	114424	+	oprD_V359L	Pseudomonas aeruginosa carbapenem resistant OprD	core	AMR	POINT	BETA-LACTAM	CARBAPENEM	POINTX	441	443	100.00	94.58	443	WP_003112576.1	outer membrane porin OprD	NA	NA
